Platform,Campaign,Placement Name,Creative Name,Channel,Impressions,Clicks,Conversions,Video View,Video View 25,Video View 50,Video View 75,Video Completes
Facebook,S - F - Brand - Launches Da Vinci,FF~branddavinciteaser_CT~txt_CS~NONE_LG~fr_CV~una_CE~loc_MG~oth_TA~sbcr_CW~upr,,Switzerland,4.06,8,17.1,25.11,5.5,8.9,14.33,34.9
DCM,Buy_Brand+Product_DaVinci_Dual Sim_GAME_BMM,Upcoming_Samsung_Phone,,United Kingdom,0.19,0,0,0,0.6,1,1.56,0
DBM,Buy_Brand+Product_DaVinci_BMM,Note 10_Latest_News_BMM,,United Kingdom,105.48,19.3,41,60.27,147.5,239.4,386.91,7.3
DV360,Buy_Brand+Product_DaVinci_Dual Sim_BMM,Upcoming_Phone,,United Kingdom,3.53,2.2,4.7,6.88,4.4,7.1,11.45,69.5
Twitter,FF~_YQ~19q3_CN~DV-Teaser_KS~bap_MT~bmm_MD~w_PK~Clicks_AI~n_BS~im_PR~smart_SB~be_OB~traffic_FS~lo_CA~kew_MK~de,Launch Galaxy Note10,_YQ~19q3,Germany,929.95,2791.8,5944.6,8736.4,803.2,1303.5,2106.79,34.6
Insta,FF~_YQ~19q3_CN~DV-Teaser_KS~pr_MT~exa_MD~w_PK~Clicks_AI~n_BS~im_PR~smart_SB~be_OB~traffic_FS~lo_CA~kew_MK~de,Neues Galaxy Note10,_YQ~19q3,Germany,71.94,5.7,12.2,17.99,45.1,73.2,118.27,183.2
Google Display,CN~DaVinci_PH~teas_MK~ro_YQ~19q2q3_BS~im_PR~smart_SB~brand_OB~traffic_PK~Traffic_FS~lo_CP~_FF~SearchTeasing,FF~Search-GalaxyNote9-Teasing_CT~txt_CS~1x1_LG~ro_CV~ge_CE~locadpt_MG~na_TA~lrn_CW~na-PD~google_MK~ro_CH~sea_MD~c_AD~ss1x1_DT~cross_FM~sea_PB~gos_SZ~1x1_RT~cpc_TG~notarg_SA~all_VV~vgmrc0com_IT~sea_TS~_FF~GalaxyNote9,SearchTeasing,Romania,9.49,4.2,8.9,13.1,4.3,6.9,11.16,0
Google Search,Buy_Brand+Product_DaVinci_Dual Sim_GAME_BMM,Note 10_Release_Exact,,United Kingdom,2.3,0.5,1,1.53,7.6,12.4,20.03,26.9
Facebook,FF~_YQ~19q3_CN~DV-Teaser_KS~cp_MT~bmm_MD~w_PK~Clicks_AI~n_BS~im_PR~smart_SB~be_OB~traffic_FS~lo_CA~kew_MK~de,Apple vs Samsung,_YQ~19q3,Germany,66.31,438.2,933.1,1371.36,171.9,279,450.86,3.5
DCM,CN~DaVinci_PH~teas_MK~ro_YQ~19q2q3_BS~im_PR~smart_SB~brand_OB~traffic_PK~Traffic_FS~lo_CP~_FF~SearchTeasing,FF~Search-LansareDaVinci-Teasing_CT~txt_CS~1x1_LG~ro_CV~ge_CE~locadpt_MG~na_TA~lrn_CW~na-PD~google_MK~ro_CH~sea_MD~c_AD~ss1x1_DT~cross_FM~sea_PB~gos_SZ~1x1_RT~cpc_TG~notarg_SA~all_VV~vgmrc0com_IT~sea_TS~_FF~LansareNote10,SearchTeasing,Romania,38.38,74.6,158.9,233.51,59,95.8,154.77,57.8
DBM,FF~Eval:Brand+Gen_Note10_Tease_CN~BA_BS~IM_PR~SMART_SB~NOTE10_OB~SALES_PK~ROAS_FS~LHQ_MD~W_AI~N_MT~EXA_CA~KEW,Note 10_Out_Exact,,United Kingdom,1.16,17.7,37.8,55.51,9.5,15.4,24.83,0
DV360,FF~Eval:Brand+Gen_Note10_Tease_CN~BA_BS~IM_PR~SMART_SB~NOTE10_OB~SALES_PK~ROAS_FS~LHQ_MD~W_AI~N_MT~EXA_CA~KEW,Note 10_Launch_Exact,,United Kingdom,294.6,6.9,14.7,21.64,121.7,197.5,319.19,24
Twitter,FF~_YQ~19q3_CN~DV-Teaser_KS~bap_MT~exa_MD~w_PK~Clicks_AI~n_BS~im_PR~smart_SB~be_OB~traffic_FS~lo_CA~kew_MK~de,Samsung Galaxy Note10,_YQ~19q3,Germany,45.82,4,8.5,12.53,15.2,24.7,39.95,2228.5
Insta,FF~IM-Note10-Preunpack_Cold_MK~es_CN~davinci_KS~ba_YQ~19q1_BS~im_PR~smart_SB~be_OB~awa_PK~Clicks_FS~lo_MD~w_AI~n_MT~bmm_CA~kew,AG~Generic_MK~es_AT~ta_MD~c,IM-Note10-Preunpack_Cold,Spain,89.7,4.1,8.8,12.98,14.4,23.4,37.89,1123.2
Google Display,FF~_YQ~19q3_CN~DV-Teaser_KS~pr_MT~bmm_MD~w_PK~Clicks_AI~n_BS~im_PR~smart_SB~be_OB~traffic_FS~lo_CA~kew_MK~de,Launch Galaxy,_YQ~19q3,Germany,107,1,2.2,3.24,2.7,4.4,7.1,2529.8
Google Search,FF~_YQ~19q3_CN~DV-Teaser_KS~cp_MT~exa_MD~w_PK~Clicks_AI~n_BS~im_PR~smart_SB~be_OB~traffic_FS~lo_CA~kew_MK~de,Huawei vs Samsung,_YQ~19q3,Germany,65.45,1,2.1,3.11,3.6,5.8,9.32,457.3
Facebook,FF~_YQ~19q3_CN~DV-Teaser_KS~pr_MT~exa_MD~w_PK~Clicks_AI~n_BS~im_PR~smart_SB~be_OB~traffic_FS~lo_CA~kew_MK~de,Neues Galaxy,_YQ~19q3,Germany,28.27,2.1,4.5,6.6,0,0,0,179.1
DCM,FF~_YQ~19q3_CN~DV-Teaser_KS~ba_MT~exa_MD~w_PK~Clicks_AI~n_BS~im_PR~smart_SB~be_OB~traffic_FS~lo_CA~kew_MK~de,Neues Samsung,_YQ~19q3,Germany,6.02,5.7,12.1,17.83,6.6,10.7,17.25,91.4
DBM,FF~_YQ~19q3_CN~DV-Teaser_KS~bap_MT~exa_MD~w_PK~Clicks_AI~n_BS~im_PR~smart_SB~be_OB~traffic_FS~lo_CA~kew_MK~de,Launch Galaxy,_YQ~19q3,Germany,16.18,16.6,35.4,52.01,24,38.9,62.9,0
DV360,Buy_Brand+Product_DaVinci_Dual Sim_GAME_BMM,Note 10_Out_Exact,,United Kingdom,24.81,4.1,8.8,12.9,7.8,12.6,20.43,54.1
Twitter,CN~davinci_PH~teas_MK~ro_YQ~19q2q3_BS~im_PR~smart_SB~davnc_OB~traffic_PK~Traffic_FS~lo_CP~_FF~GDN,AG~Teasing_MK~ro_AT~stnb_MD~c_TC~tar_PB~google_CustomAffinityAudiences,GDN,Romania,5.81,25.8,55,80.83,8.1,13.1,21.13,0
Insta,FF~_YQ~19q3_CN~DV-Teaser_KS~ba_MT~exa_MD~w_PK~Clicks_AI~n_BS~im_PR~smart_SB~be_OB~traffic_FS~lo_CA~kew_MK~de,Samsung Neuheit,_YQ~19q3,Germany,214.82,82.3,175.3,257.69,72.4,117.5,189.96,381.5
Google Display,CN~davinci_PH~teas_MK~ro_YQ~19q2q3_BS~im_PR~smart_SB~davnc_OB~traffic_PK~Traffic_FS~lo_CP~_FF~YT,AG~Affinity_MK~ro_AT~ya_MD~c_TC~tar_PB~yout,YT,Romania,218.05,2.5,5.4,7.91,45.9,74.5,120.37,1264.3
Google Search,FF~1\/Note10 DaVinci 2\/BRAND_CN~davinci_KS~bap_MK~fr_YQ~ao_BS~im_PR~smart_SB~davinci_OB~awa_PK~sov_FS~lo_MD~h_AI~y_MT~exa_CA~kew,AT~awtext_AG~Note10-Broad,1\/Note10 DaVinci 2\/BRAND,France,5.45,5.4,11.6,17.04,10.6,17.2,27.87,110
Facebook,FF~Cons:Generic_Note10_Tease_CN~GC_BS~IM_PR~SMART_SB~NOTE10_OB~SALES_PK~ROAS_FS~LHQ_MD~C_AI~N_MT~EXA_CA~KEW,Upcoming_Phone,,United Kingdom,34.26,4.2,9,13.18,6.8,11.1,17.9,428.8
DCM,FF~_YQ~19q3_CN~DV-Teaser_KS~cp_MT~exa_MD~c_PK~Clicks_AI~n_BS~im_PR~smart_SB~be_OB~traffic_FS~lo_CA~kew_MK~de,Huawei,_YQ~19q3,Germany,6.82,1.1,2.2,3.3,17.3,28,45.27,5.4
DBM,FF~_YQ~19q3_CN~DV-Teaser_KS~bap_MT~exa_MD~w_PK~Clicks_AI~n_BS~im_PR~smart_SB~be_OB~traffic_FS~lo_CA~kew_MK~de,Neues Galaxy,_YQ~19q3,Germany,30.07,0.7,1.5,2.16,20.4,33.1,53.5,1735.9
DV360,FF~Eval:Brand+Gen_Note10_Tease_CN~BA_BS~IM_PR~SMART_SB~NOTE10_OB~SALES_PK~ROAS_FS~LHQ_MD~W_AI~N_MT~EXA_CA~KEW,Upcoming_Samsung_Phone,,United Kingdom,16.57,0.4,0.8,1.19,10.6,17.3,27.93,0
Twitter,FF~_YQ~19q3_CN~DV-Teaser_KS~pr_MT~bmm_MD~w_PK~Clicks_AI~n_BS~im_PR~smart_SB~be_OB~traffic_FS~lo_CA~kew_MK~de,Neues Galaxy Note10,_YQ~19q3,Germany,7.46,2.6,5.4,7.98,1.7,2.8,4.5,0
Insta,FF~_YQ~19q3_CN~DV-Teaser_KS~bap_MT~bmm_MD~w_PK~Clicks_AI~n_BS~im_PR~smart_SB~be_OB~traffic_FS~lo_CA~kew_MK~de,Neues Galaxy,_YQ~19q3,Germany,3.37,35,74.5,109.45,21.6,35,56.54,10.1
Google Display,FF~_YQ~19q3_CN~DV-Teaser_KS~gc_MT~exa_MD~c_PK~Clicks_AI~n_BS~im_PR~smart_SB~be_OB~traffic_FS~lo_CA~kew_MK~de,Neues Smartphone,_YQ~19q3,Germany,191.01,32.6,69.3,101.9,16.7,27.1,43.88,11.2
Google Search,FF~_YQ~19q3_CN~DV-Teaser_KS~pr_MT~exa_MD~w_PK~Clicks_AI~n_BS~im_PR~smart_SB~be_OB~traffic_FS~lo_CA~kew_MK~de,Samsung Galaxy Note10,_YQ~19q3,Germany,331.8,64.7,137.8,202.56,54.7,88.7,143.37,106.1
Facebook,FF~1\/Note10 DaVinci 2\/BRAND_CN~davinci_KS~bap_MK~fr_YQ~ao_BS~im_PR~smart_SB~davinci_OB~awa_PK~sov_FS~lo_MD~h_AI~y_MT~exa_CA~kew,AT~awtext_AG~Pr�commande-Exact,1\/Note10 DaVinci 2\/BRAND,France,24.9,23.8,50.7,74.47,57.4,93.1,150.45,92.2
DCM,FF~Eval:Brand+Gen_Note10_Tease_CN~BA_BS~IM_PR~SMART_SB~NOTE10_OB~SALES_PK~ROAS_FS~LHQ_MD~W_AI~N_MT~BMM_CA~KEW,Upcoming_Samsung_Phone,,United Kingdom,8.14,0.1,0.2,0.25,49.9,80.9,130.79,236.1
DBM,FF~_YQ~19q3_CN~DV-Teaser_KS~bap_MT~bmm_MD~w_PK~Clicks_AI~n_BS~im_PR~smart_SB~be_OB~traffic_FS~lo_CA~kew_MK~de,Samsung Galaxy Note10,_YQ~19q3,Germany,134.57,8.7,18.5,27.21,20.4,33.1,53.53,535.1
DV360,FF~_YQ~19q3_CN~DV-Teaser_KS~gc_MT~bmm_MD~c_PK~Clicks_AI~n_BS~im_PR~smart_SB~be_OB~traffic_FS~lo_CA~kew_MK~de,Neues Smartphone,_YQ~19q3,Germany,24.35,3,6.3,9.24,3.4,5.5,8.9,27.5
Twitter,FF~1\/Note10 DaVinci 2\/BRAND_CN~davinci_KS~bap_MK~fr_YQ~ao_BS~im_PR~smart_SB~davinci_OB~awa_PK~sov_FS~lo_MD~h_AI~y_MT~exa_CA~kew,AT~awtext_AG~Lancement-Broad,1\/Note10 DaVinci 2\/BRAND,France,63.66,100.7,214.4,315.04,48.2,78.3,126.5,11.7
Insta,FF~1\/Note10 DaVinci 2\/BRAND_CN~davinci_KS~bap_MK~fr_YQ~ao_BS~im_PR~smart_SB~davinci_OB~awa_PK~sov_FS~lo_MD~h_AI~y_MT~exa_CA~kew,AT~awtext_AG~Unpack-Exact,1\/Note10 DaVinci 2\/BRAND,France,280.87,28.6,60.9,89.48,14.6,23.7,38.26,112.1
Google Display,FF~1\/Note10 DaVinci 2\/BRAND_CN~davinci_KS~bap_MK~fr_YQ~ao_BS~im_PR~smart_SB~davinci_OB~awa_PK~sov_FS~lo_MD~h_AI~y_MT~exa_CA~kew,AT~awtext_AG~Lancement-Exact,1\/Note10 DaVinci 2\/BRAND,France,0.52,0.9,1.9,2.83,1.2,1.9,3.02,0
Google Search,FF~_YQ~19q3_CN~DV-Teaser_KS~bap_MT~bmm_MD~w_PK~Clicks_AI~n_BS~im_PR~smart_SB~be_OB~traffic_FS~lo_CA~kew_MK~de,Galaxy Note10 Launch,_YQ~19q3,Germany,7.62,17.1,36.4,53.45,16.3,26.4,42.66,32.1
Facebook,FF~Eval:Brand+Gen_Note10_Tease_CN~BA_BS~IM_PR~SMART_SB~NOTE10_OB~SALES_PK~ROAS_FS~LHQ_MD~W_AI~N_MT~EXA_CA~KEW,Note 10_Unbox_Exact,,United Kingdom,46.77,0.3,0.5,0.8,1.5,2.5,4.06,643.6
DCM,FF~Eval:Brand+Gen_Note10_Tease_CN~BA_BS~IM_PR~SMART_SB~NOTE10_OB~SALES_PK~ROAS_FS~LHQ_MD~W_AI~N_MT~BMM_CA~KEW,Note 10_Launch_BMM,,United Kingdom,21.18,2,4.2,6.23,9.4,15.3,24.67,88.8
DBM,S - D - Launches Da Vinci,FF~davinciteaser_CT~txt_CS~NONE_LG~de_CV~una_CE~loc_MG~oth_TA~sbcr_CW~upr,,Switzerland,240.55,31.9,68,99.9,43.9,71.3,115.23,167.2
DV360,FF~_YQ~19q3_CN~DV-Teaser_KS~ba_MT~bmm_MD~w_PK~Clicks_AI~n_BS~im_PR~smart_SB~be_OB~traffic_FS~lo_CA~kew_MK~de,Samsung Handy,_YQ~19q3,Germany,48.6,3.9,8.4,12.34,2.5,4.1,6.6,5.3
Twitter,FF~_YQ~19q3_CN~DV-Teaser_KS~pr_MT~exa_MD~w_PK~Clicks_AI~n_BS~im_PR~smart_SB~be_OB~traffic_FS~lo_CA~kew_MK~de,Samsung Galaxy,_YQ~19q3,Germany,65.98,2.6,5.4,8.01,1.5,2.5,4.05,0
Insta,FF~_YQ~19q3_CN~DV-Teaser_KS~bap_MT~exa_MD~w_PK~Clicks_AI~n_BS~im_PR~smart_SB~be_OB~traffic_FS~lo_CA~kew_MK~de,Unpacked Galaxy Note10,_YQ~19q3,Germany,47.85,11.7,24.8,36.48,10.4,16.9,27.25,39.5
Google Display,FF~_YQ~19q3_CN~DV-Teaser_KS~gc_MT~exa_MD~c_PK~Clicks_AI~n_BS~im_PR~smart_SB~be_OB~traffic_FS~lo_CA~kew_MK~de,Generic Smartphone,_YQ~19q3,Germany,154.18,555.6,1183,1738.57,138.7,225.1,363.79,29.5
Google Search,FF~_YQ~19q3_CN~DV-Teaser_KS~cp_MT~exa_MD~w_PK~Clicks_AI~n_BS~im_PR~smart_SB~be_OB~traffic_FS~lo_CA~kew_MK~de,Apple,_YQ~19q3,Germany,3.9,3.7,7.9,11.54,0,0,0,3.5
Google Display,FF~1\/Note10 DaVinci 2\/BRAND_CN~davinci_KS~bap_MK~fr_YQ~ao_BS~im_PR~smart_SB~davinci_OB~awa_PK~sov_FS~lo_MD~h_AI~y_MT~exa_CA~kew,AT~awtext_AG~Nouveau-Exact,1\/Note10 DaVinci 2\/BRAND,France,633.6,42.8,91,133.8,56.8,92.2,148.99,460.5
Google Search,FF~IM-Note10-Preunpack_Cold_MK~es_CN~davinci_KS~ba_YQ~19q1_BS~im_PR~smart_SB~be_OB~awa_PK~Clicks_FS~lo_MD~w_AI~n_MT~exa_CA~kew,AG~Generic_MK~es_AT~ta_MD~c,IM-Note10-Preunpack_Cold,Spain,2.89,0.1,0.1,0.17,3.9,6.3,10.23,9
